Truth,Prediction,Irrigation_int,Vriaty_int
169.09969907723078,161.19473,1,2
161.8532002428336,192.93826,1,2
157.28897392495145,182.30666,1,2
163.9382257226686,169.58661,1,2
152.31151666010328,159.03966,1,2
155.2777759773006,172.1998,1,2
152.78798879015224,155.70349,1,2
141.97697114831126,157.53564,1,2
140.45835470229443,146.29617,1,2
163.3242247870712,143.65237,1,2
156.81434295028262,162.67123,1,2
178.9008831953592,164.19838,1,2
167.76675563641584,153.09402,1,2
162.07385401677337,155.7949,1,2
157.765998269928,163.54323,1,2
161.97802562321567,173.31181,1,2
165.7406450753122,163.69252,1,2
168.9106199227039,165.26599,1,2
160.15323730004505,154.89488,1,2
148.7550065559285,152.65808,1,2
121.49815584235176,163.4052,1,2
179.95039193264594,157.29007,1,2
187.37768494186207,154.49174,1,2
144.84399607095725,170.69186,1,2
162.60988496962307,165.00456,1,2
161.6123867170662,174.2673,1,2
150.27767347070736,141.62483,1,2
150.781393500388,152.18744,1,2
134.5738884004269,153.41405,1,2
142.97456142136812,158.00233,1,2
147.95339945757752,162.1209,1,2
159.28323390686265,169.90869,1,2
149.92851222344507,167.6134,1,2
154.4855583776503,149.66837,1,2
165.3913917062652,146.05838,1,2
154.81198225506353,147.24971,1,2
153.1574017657881,146.7931,1,2
161.8508747769043,177.63924,1,2
164.5183505962523,176.01387,1,2
165.202588692157,158.77264,1,2
154.97307684139727,157.52556,1,2
143.70970546093355,154.5702,1,2
145.7500845969768,160.0115,1,2
193.078205280494,175.05551,1,2
158.22626888359204,167.014,1,2
157.66998580710663,169.9705,1,2
162.05958557811388,171.81293,1,2
156.32295814760857,162.21736,1,2
145.1766795813333,158.43083,1,2
166.60181103263565,145.57188,1,2
141.1567691395333,142.72226,1,2
148.9991340320074,154.98488,1,2
165.46788861627243,158.37161,1,2
165.1494735454957,166.40068,1,2
175.7717802319262,164.99205,1,2
138.86103186225805,159.67128,1,2
166.70334672103436,165.70303,1,2
161.32039127262166,144.80855,1,2
126.65907685194752,143.25783,1,2
144.11640052283485,140.83838,1,2
139.06566827073675,147.8257,1,2
159.67704150008478,150.6232,1,2
159.1397215976304,161.17131,1,2
160.10214720505752,158.03386,1,2
143.37904713550313,147.99791,1,2
151.701474230469,147.00987,1,2
125.52073589587168,129.0351,1,2
133.46795048754467,133.82745,1,2
136.54016393069423,138.8196,1,2
168.0395119435285,162.2003,1,2
164.36922306427135,156.40585,1,2
180.72585563158705,165.9797,1,2
161.9702931504232,160.91731,1,2
133.03548039187646,137.29088,1,2
134.10735827881675,132.65445,1,2
133.0242497275817,147.75554,1,2
145.9948564489946,148.45764,1,2
127.67866811421052,153.30937,1,2
178.12689225926977,156.48512,1,2
149.42313520289383,164.02408,1,2
155.59232478995224,152.89,1,2
137.24824409835898,143.10425,1,2
130.2826945206912,133.28232,1,2
150.14529973266485,136.10274,1,2
160.75462673779046,160.77841,1,2
165.0660724805013,140.3798,1,2
127.49722943534952,134.87329,1,2
130.74020333380335,160.32188,1,2
145.6678803542399,160.18927,1,2
147.61574500592442,160.46637,1,2
157.88474808976864,154.43156,1,2
147.34722328756897,154.6949,1,2
159.51465791906213,139.07178,1,2
156.88181863482887,131.07166,1,2
145.93446907682258,133.17372,1,2
149.10610085586913,156.58417,1,2
149.71669573395928,163.93076,1,2
139.58715465970175,131.87877,1,2
167.35674666985432,135.08205,1,2
91.53859680286098,123.39456,1,2
150.01688418451056,144.15456,1,2
155.55338602626992,156.06493,1,2
147.2939238816158,161.47375,1,2
124.60995265114306,132.64333,1,2
142.89686772761135,142.93239,1,2
151.40128573365675,132.38893,1,2
146.15751602298369,135.90666,1,2
151.1383791981833,135.40794,1,2
151.786256023299,136.46602,1,2
147.150319564022,153.12805,1,2
156.99071863478832,155.3177,1,2
167.44567101179075,175.39084,1,2
195.60400861055476,191.50908,1,2
140.11784652843258,149.0475,1,2
144.03244717926907,133.36134,1,2
159.81180867272954,131.7292,1,2
134.63648521389476,130.33385,1,2
142.12508623725407,130.69049,1,2
125.94105489214364,133.54399,1,2
112.55270664520384,158.23384,1,2
158.7987532086146,158.228,1,2
136.7268496449104,147.30153,1,2
136.70309984701464,133.53862,1,2
141.17416739246076,131.44708,1,2
129.2487428484748,129.85443,1,2
155.29664715017907,138.47906,1,2
144.81950967260923,148.28789,1,2
179.95379788073188,166.29416,1,2
157.71168638778025,179.2635,1,2
94.3664986724803,118.53396,1,2
148.76991932192297,153.76303,1,2
190.14677722042947,178.68947,1,2
129.2411944054854,142.37091,1,2
135.53309216498192,129.95644,1,2
158.95966386790982,144.23941,1,2
149.2707857042749,149.0678,1,2
139.18101195428167,168.19565,1,2
177.1958571309735,189.86067,1,2
165.85387154391114,183.64507,1,2
175.85978200453638,193.41422,1,2
179.60767458661982,199.0271,1,2
178.79336391494996,193.38243,1,2
153.25405865229345,174.4535,1,2
147.15271286273986,153.87364,1,2
154.2303844115851,147.30055,1,2
131.54438802522878,126.74432,1,2
144.6038270104147,157.64899,1,2
158.53649104999803,164.54782,1,2
143.46079117523595,153.29828,1,2
135.92975321713598,150.02785,1,2
121.51141169485084,141.46597,1,2
128.04725272669825,126.15751,1,2
113.4436062574834,125.88267,1,2
147.9003763135327,132.40796,1,2
168.6320641976193,150.43224,1,2
143.75103771193596,158.58545,1,2
152.36868240805225,159.77592,1,2
183.294625368136,173.21184,1,2
187.48557238471287,191.74573,1,2
153.00680131112995,151.63351,1,2
165.74285429452755,178.3081,1,2
180.9481662695042,179.60048,1,2
139.75082684806935,158.32793,1,2
136.5392434562716,130.16211,1,2
113.23317055073596,118.298065,1,2
146.3240419359011,150.55067,1,2
143.5469538225834,164.68831,1,2
152.9769758726259,128.9039,1,2
164.85637319000028,147.63388,1,2
176.13465754182408,150.0662,1,2
146.93721436565383,154.04042,1,2
173.10847096024764,180.41333,1,2
152.3427231837375,158.74336,1,2
162.5348609809053,134.0983,1,2
172.68900710472835,178.16283,1,2
128.89838498516914,151.8875,1,2
141.56687012672012,153.5188,1,2
127.49078570573556,127.29861,1,2
122.18322244704387,125.3005,1,2
129.902142848431,128.494,1,2
124.20896496045565,130.89374,1,2
143.83646397192504,176.60336,1,2
168.41923512002987,163.32883,1,2
241.71612687771028,184.40445,1,2
144.25245644911146,169.23737,1,2
171.1491916588975,161.67558,1,2
158.2512154433186,158.08293,1,2
156.06014375810528,167.44963,1,2
120.83978502017013,123.644295,1,2
141.98608444480783,124.700424,1,2
161.29120996961444,167.69418,1,2
216.7380980343989,174.38017,1,2
148.60983725541115,162.13242,1,2
116.01062689236264,139.46124,1,2
136.2395152221634,142.25513,1,2
127.30989938317624,133.90273,1,2
131.59317666296045,130.83147,1,2
140.1109425446035,124.45843,1,2
126.26361249159488,129.46848,1,2
131.4576730554224,124.33083,1,2
137.57853422009305,139.87698,1,2
136.79754721374118,165.5466,1,2
159.0584378306185,165.3181,1,2
186.35597645077488,168.8686,1,2
148.6372693209724,164.51283,1,2
135.67853760482933,131.48166,1,2
113.3920558840339,126.695465,1,2
150.16048854619052,158.9522,1,2
150.85420827252582,153.00026,1,2
146.4930533474836,127.73848,1,2
144.29811521916062,167.94025,1,2
152.22139573379127,165.86275,1,2
135.51541773136182,123.3039,1,2
141.65966070528535,131.62552,1,2
108.42684193844266,135.25871,1,2
137.0766552689229,147.43886,1,2
139.89332654287338,153.55444,1,2
134.07256176879417,160.99818,1,2
146.1450886992581,145.94449,1,2
88.88532147223695,133.22974,1,2
150.84923733036243,132.12482,1,2
158.6932592602144,143.71996,1,2
143.82532549051476,127.551315,1,2
115.31432959146048,135.44684,1,2
109.05290188218612,130.36285,1,2
129.4319304996286,153.09923,1,2
139.35075967364696,145.93494,1,2
123.00544965002324,133.06676,1,2
114.2694235828232,131.19289,1,2
116.81812544837992,125.1417,1,2
131.05668540235357,127.569336,1,2
140.84967666233965,148.98468,1,2
98.92234813928272,133.98828,1,2
112.3800131808396,121.57681,1,2
150.58135994482987,132.90915,1,2
114.15914273881953,117.058174,1,2
121.243994484251,130.43579,1,2
124.30451720321643,140.16747,1,2
155.0080574356044,159.18849,1,2
136.78208209138984,149.68398,1,2
163.46746100696564,159.66838,1,2
124.10365504439972,138.36984,1,2
112.40413134161632,128.83566,1,2
128.6874889331203,116.45447,1,2
125.88582252259356,126.72461,1,2
109.08548894042434,131.15967,1,2
144.93172357735313,146.36792,1,2
131.89698610904355,145.91495,1,2
130.69224311158757,146.49203,1,2
142.7188351732143,137.30399,1,2
111.9175333162262,130.67567,1,2
131.57062335497457,133.35818,1,2
160.023072737087,159.44984,1,2
156.5588007773064,144.54016,1,2
143.4142118011329,146.92278,1,2
177.3271262494732,217.99081,1,2
146.63941938134897,147.70827,1,2
125.17700588064264,152.07106,1,2
124.75171598675168,128.96234,1,2
104.66182921650125,116.437996,1,2
112.122445779007,115.754524,1,2
127.94065405575572,133.20377,1,2
134.93566096764928,140.58147,1,2
133.62481058820916,153.24054,1,2
113.8442257107218,129.22441,1,2
120.0284201291646,126.91001,1,2
118.74537001618204,120.12265,1,2
124.87285914854168,130.65958,1,2
137.91784565996485,152.03792,1,2
156.15100115838692,147.05956,1,2
134.97957089371982,146.91759,1,2
143.95097924484597,146.11925,1,2
138.62445287756032,129.66963,1,2
120.33772187621528,122.85937,1,2
134.258142807116,131.0432,1,2
109.85239167642428,118.82826,1,2
131.59225614681765,130.08456,1,2
141.40798479337363,133.34009,1,2
144.84602126628593,145.07747,1,2
113.1470079373395,127.598755,1,2
120.1917241167356,116.890945,1,2
97.35411447679564,109.18106,1,2
150.15496543140443,147.3511,1,2
147.41681614372845,141.74545,1,2
122.21286386024713,131.52301,1,2
145.14630178168693,130.51514,1,2
110.80929406528288,118.673645,1,2
123.78441146534128,128.74582,1,2
122.4561628729422,124.75711,1,2
145.5767466779699,133.15422,1,2
124.36416819123124,129.18054,1,2
122.53818319823696,130.59097,1,2
122.31872620683184,124.80264,1,2
107.45079231843668,116.47224,1,2
109.27926287785212,115.784645,1,2
146.3762366168976,129.06638,1,2
137.8229378741547,132.43333,1,2
129.32247822234174,140.52182,1,2
164.55277881425627,145.71887,1,2
207.0314949552684,204.58627,1,2
168.19315029286298,146.51558,1,2
120.156835553656,132.49226,1,2
119.20545641436776,116.88573,1,2
137.15729462989287,132.43663,1,2
140.4727151548581,118.70456,1,2
119.32218107135483,124.84752,1,2
126.27521127501916,137.36545,1,2
126.07066704980964,134.21164,1,2
142.97732304758136,154.25658,1,2
131.20581306473818,143.56735,1,2
152.86651097959955,129.37357,1,2
157.99143877162973,143.28378,1,2
107.33287093186308,118.92132,1,2
135.32799554200307,134.3216,1,2
100.86468965837838,114.96841,1,2
119.66885683168871,120.80445,1,2
112.97026401526252,116.94166,1,2
124.30902776525178,127.55152,1,2
113.70172601583069,130.77757,1,2
114.79293521579764,116.80254,1,2
125.82727601661465,122.21648,1,2
117.37091032698568,108.64936,1,2
144.1915167195172,139.0679,1,2
169.80207187389797,155.491,1,2
139.08582798710285,128.3373,1,2
129.17602012855113,130.50658,1,2
118.0383945612312,118.18402,1,2
116.2158155655116,117.11944,1,2
111.63860955995,112.82221,1,2
118.61723073101552,119.33536,1,2
126.90265200392822,121.81226,1,2
131.37804627118902,127.4436,1,2
101.0290983219388,124.92752,1,2
129.60066560456576,120.90038,1,2
104.16105490025924,105.27773,1,2
113.89209390731888,118.18445,1,2
110.60521009808228,116.658936,1,2
156.87933314790126,147.09967,1,2
171.87789183413352,149.24272,1,2
157.23125606931245,142.5167,1,2
153.2087680757251,133.40773,1,2
100.98739782029844,129.3371,1,2
151.3899630895181,136.10098,1,2
101.93334580045568,115.92823,1,2
106.55998476315108,124.56368,1,2
116.0102586547912,120.55119,1,2
91.79192960022534,126.60819,1,2
114.73991210929256,123.6788,1,2
133.82456803613468,129.42735,1,2
106.42466533182773,114.02061,1,2
157.0026857517288,149.38304,1,2
151.6826952496743,162.34967,1,2
130.51678802101011,134.58124,1,2
113.2513052356191,130.73654,1,2
119.04160014358791,116.19008,1,2
111.25363920196736,122.206154,1,2
134.16608878571117,122.22167,1,2
109.8612289343402,128.53265,1,2
114.17028136882736,115.778145,1,2
88.56432879284614,109.9396,1,2
102.0165626377582,113.6989,1,2
111.94487343907312,119.31108,1,2
100.44989388371351,121.47011,1,2
129.141223701615,134.77122,1,2
111.86994143989384,132.51889,1,2
119.45492309284592,126.83948,1,2
166.85035713166735,155.05154,1,2
150.97056460938867,157.60747,1,2
146.87968050610033,158.79477,1,2
156.10423763154722,154.21643,1,2
147.02991275613948,137.53493,1,2
136.07151655616008,132.30722,1,2
106.34899676937256,124.63935,1,2
107.15649539062689,125.55496,1,2
100.75891955295826,118.38317,1,2
131.6079053905998,124.16576,1,2
108.18464756060176,114.181564,1,2
102.00883005313264,115.89694,1,2
114.1494771208446,112.84521,1,2
131.7080601734527,135.06152,1,2
115.1298533304208,130.77422,1,2
127.11833479333198,130.80537,1,2
147.88905363679612,130.32503,1,2
178.86387747429958,153.43272,1,2
145.5553901878812,139.94293,1,2
140.63565086002535,150.06136,1,2
152.37181224061044,144.5775,1,2
148.48676088681415,123.388,1,2
100.41288820005704,112.13298,1,2
110.59968688964582,116.23467,1,2
134.92111643922613,123.67077,1,2
97.2743036411906,105.86258,1,2
113.56125135952688,115.40324,1,2
104.10628271185108,116.059044,1,2
145.6240625278766,129.88266,1,2
150.8624931511681,125.3904,1,2
158.1946021448397,146.34671,1,2
146.8539053091513,128.63087,1,2
106.74593403484108,110.84498,1,2
96.8390718787912,107.52868,1,2
117.82381651759944,114.42325,1,2
150.91717319519427,131.64854,1,2
149.3119817647144,117.70366,1,2
125.92917996860392,112.89636,1,2
104.9748132477494,105.44437,1,2
106.72292047637607,110.601555,1,2
124.29733692152116,127.569916,1,2
97.05668775999092,115.57266,1,2
101.16681123950096,113.61147,1,2
177.17192319724552,156.54266,1,2
167.8912127792266,153.54877,1,2
156.83072863669645,151.68001,1,2
176.47921605301153,161.5309,1,2
162.53513702086522,151.93674,1,2
149.9773930913078,142.1403,1,2
154.40639181139414,133.9377,1,2
111.98933555420372,112.15061,1,2
102.9827624864172,110.82213,1,2
96.83925597897,106.440216,1,2
108.4691868031542,109.87861,1,2
128.3477172773183,119.95343,1,2
127.77725812380152,116.06571,1,2
123.53338000577838,113.87602,1,2
95.91190292790446,109.59808,1,2
124.76423532598984,115.913086,1,2
133.71668057281775,119.380196,1,2
106.8068738525513,113.32264,1,2
160.64416171792695,135.17479,1,2
167.04781316046945,149.04576,1,2
156.10073965567395,137.72214,1,2
174.00079991614393,220.19563,1,2
105.38832017373052,146.61871,1,2
129.13404341731103,132.34605,1,2
113.69454570263548,120.142555,1,2
104.0137683821672,108.33836,1,2
147.65624877926646,197.04643,0,2
224.9222870383954,201.78513,0,2
234.49800000815708,199.33568,0,2
181.5698384430164,193.18773,0,2
213.68137671780724,196.24248,0,2
185.47796447088768,196.00906,0,2
206.45795299575312,190.2728,0,2
218.52612274611567,203.01471,0,2
208.42717418690788,200.63339,0,2
206.9803293060185,193.63036,0,2
184.3163645464115,195.90263,0,2
232.0880236226629,227.34691,0,2
264.3477078052137,237.2417,0,2
241.81237325984003,233.92407,0,2
191.61907761580835,190.49364,0,2
175.9927101433862,191.59358,0,2
189.04769962441472,193.67998,0,2
182.92254266007728,194.6464,0,2
210.41259721418075,226.41559,0,2
195.22072493050507,204.48227,0,2
218.31550285636612,210.6762,0,2
214.39988977431503,214.25609,0,2
177.82974157430905,191.75136,0,2
187.85848352937327,197.88553,0,2
192.36950268044907,198.19814,0,2
197.0906504839892,186.48067,0,2
230.12052072259516,237.46062,0,2
241.39199296556893,236.79947,0,2
249.194743878954,236.10748,0,2
215.88601115208107,239.59084,0,2
249.71251585732173,212.50949,0,2
239.85837154262464,241.78116,0,2
228.19892214213684,242.40427,0,2
232.28563318596852,241.39413,0,2
196.04430233824803,200.81525,0,2
202.07715970213115,206.13187,0,2
181.79469585203807,196.84538,0,2
231.0451119699086,234.90154,0,2
240.94669671133929,236.03632,0,2
235.48175147704845,233.76595,0,2
244.45150299601283,230.21837,0,2
221.15076911645247,201.71346,0,2
216.25349109066528,206.3544,0,2
226.0200629264336,213.68289,0,2
215.12159384098487,199.42719,0,2
195.29854126465696,192.80653,0,2
190.0534214860396,184.8939,0,2
239.2449230117104,238.9728,0,2
235.0239357733182,232.7726,0,2
237.09785335025907,228.39166,0,2
248.2861741904546,216.13525,0,2
215.73798806504087,237.4608,0,2
247.7779698165308,233.07564,0,2
228.6771124708117,230.00479,0,2
211.99617320227267,194.62744,0,2
201.4801581826393,192.83241,0,2
190.37511978706297,186.61241,0,2
220.49239819469787,225.05746,0,2
248.95785785980547,228.96501,0,2
234.360409740959,248.81824,0,2
243.37508369646585,247.69154,0,2
265.49605208637814,245.09866,0,2
244.35699418284747,251.6317,0,2
248.6123481333628,250.13084,0,2
229.5928664787355,226.13892,0,2
198.4686389320472,224.47893,0,2
216.240603553522,209.67206,0,2
221.8584810724746,223.91219,0,2
217.019381175992,222.52974,0,2
226.1783960935149,227.35179,0,2
235.35974905172947,238.69069,0,2
219.847283189076,245.13695,0,2
219.17050133633327,215.50546,0,2
224.98390184073853,215.12968,0,2
216.81416192635416,207.68723,0,2
230.87634620774537,231.2483,0,2
224.9702778284579,233.83546,0,2
243.27321049258896,252.61401,0,2
274.3789256215598,243.07953,0,2
240.40149069042224,247.51071,0,2
258.47195593168885,249.19882,0,2
229.91505593428337,229.26485,0,2
205.2348608158117,200.47665,0,2
225.47117489055705,210.68542,0,2
229.9835441814286,216.22813,0,2
232.49698937008748,213.74478,0,2
227.34895573985727,237.95467,0,2
188.67187348626905,217.38704,0,2
218.22762199359107,235.23341,0,2
213.9386374375931,206.97673,0,2
225.99649707014703,225.48392,0,2
209.95600873690964,208.44249,0,2
207.43348095892992,200.36197,0,2
237.03857047195928,224.07753,0,2
227.41830325983156,226.05186,0,2
233.0607285863004,224.8456,0,2
222.89856962237275,198.07733,0,2
231.2406348672644,208.5525,0,2
221.82681450820067,206.86012,0,2
217.819147131694,192.2436,0,2
224.32602190241224,228.98825,0,2
200.0864590945872,209.49449,0,2
218.51802190457644,208.5551,0,2
212.1967281872176,220.33376,0,2
219.6145703335964,195.99121,0,2
223.8313846072146,199.71658,0,2
218.98528860251088,212.21614,0,2
210.6737853596716,201.4497,0,2
219.99947933993843,205.122,0,2
246.9406457028428,244.85565,0,2
258.3504446909868,248.61305,0,2
252.54367194275503,251.12027,0,2
237.3445582659704,242.81433,0,2
234.7708482402346,235.05884,0,2
225.3035139246641,216.02531,0,2
217.55930913893363,209.67676,0,2
193.42763384729983,199.54973,0,2
240.36957863443416,212.7121,0,2
227.69164246715812,217.37134,0,2
199.70670529644292,213.56975,0,2
222.170605792644,237.96066,0,2
235.89415385454348,226.47438,0,2
188.58018756858888,213.15154,0,2
224.35977509439968,237.48737,0,2
206.53306902018508,196.60075,0,2
219.0077497533325,210.76958,0,2
239.9850379034346,216.16087,0,2
229.8590870853899,238.17279,0,2
263.3535235092985,247.4557,0,2
252.9376635851796,250.90953,0,2
261.87893951670515,246.62195,0,2
252.90611971488636,253.56151,0,2
225.1716923075469,251.92424,0,2
239.7924610471652,246.72867,0,2
243.41877888122167,242.94574,0,2
232.80506364153857,218.42929,0,2
216.43538999135245,197.95714,0,2
222.37508889734403,237.57785,0,2
230.8903384153949,227.54617,0,2
233.341186742196,210.32527,0,2
224.03758586943013,223.83305,0,2
216.15051319203,207.18022,0,2
222.592950296342,225.73859,0,2
229.50277643909064,228.64859,0,2
215.2151208786292,221.41124,0,2
206.67655089234736,230.59982,0,2
223.77909778861607,231.97523,0,2
209.91280476987328,235.89081,0,2
224.7384242316872,229.75482,0,2
219.0936671126532,216.47903,0,2
231.04842604660848,248.04108,0,2
227.5894011317677,232.87256,0,2
232.01192554726265,243.10541,0,2
225.43337134457116,215.97697,0,2
236.20210547878776,238.02222,0,2
231.9855366918439,248.34251,0,2
256.6208093258072,255.79312,0,2
254.16750644461567,248.65869,0,2
237.34615370984648,239.05594,0,2
252.98937126375665,240.96263,0,2
270.9397632224718,256.72787,0,2
254.27355269427352,255.28189,0,2
268.2863958474604,250.64394,0,2
258.0607809572707,251.8509,0,2
231.5477273702928,214.96593,0,2
240.78382219780428,208.32358,0,2
215.9434530263328,226.88121,0,2
239.38447701337265,220.69803,0,2
218.47015385038804,213.44258,0,2
204.52187113054288,211.45352,0,2
253.95443171965795,242.0188,0,2
263.8948017323225,253.12157,0,2
266.39474549416536,241.15793,0,2
231.8354272632073,214.01581,0,2
230.91059028910163,216.25499,0,2
232.45255796265732,246.47302,0,2
220.08294155856476,239.66188,0,2
238.03864611301697,241.8805,0,2
204.7062247457229,208.4002,0,2
227.629412688341,204.25621,0,2
241.4085625234756,216.32536,0,2
214.31961856356932,214.39397,0,2
245.0521865344037,222.93407,0,2
226.7816571969417,211.59596,0,2
238.884070934702,237.6436,0,2
232.87846150667207,241.20285,0,2
242.24036343659424,224.94159,0,2
213.8600846358444,205.65353,0,2
269.28708531080184,247.36168,0,2
251.84307898549,248.46259,0,2
237.76960264768869,249.59555,0,2
249.02327782123376,241.98778,0,2
225.22815218669177,243.3523,0,2
224.73228749102435,218.69623,0,2
233.25846090039963,221.44131,0,2
249.6661834932558,252.19597,0,2
238.5685094342481,246.24997,0,2
233.1290940357036,205.15038,0,2
254.53400436456832,202.24228,0,2
212.5160945499557,190.15479,0,2
226.96318785018076,217.23497,0,2
234.24454438500536,250.71239,0,2
238.67786971820732,251.76408,0,2
243.14948977531515,250.05994,0,2
251.831050463592,251.59212,0,2
235.83573034518105,241.68645,0,2
245.8526889652482,244.69432,0,2
232.45943122109588,224.2951,0,2
240.081019764637,238.07405,0,2
233.17254381746088,228.06575,0,2
227.9554082236313,214.04085,0,2
219.82126242980516,215.44534,0,2
117.73645709898652,107.60624,0,2
20.965996273873422,145.1412,0,2
189.91889962409007,197.20094,0,2
92.46834315694473,136.09335,0,2
97.8096645991664,116.39318,0,2
39.78455454435358,104.041916,0,2
218.1070925551586,239.20209,0,2
249.45310892362093,245.39972,0,2
237.9966694153184,245.58437,0,2
227.7576760045621,243.2379,0,2
235.4626041682626,248.63054,0,2
255.1540807569252,240.15134,0,2
274.02912300953244,248.05156,0,2
244.12084474021967,251.33421,0,2
246.6465635346667,251.59755,0,2
232.6263559413194,242.50362,0,2
213.46498835628256,229.44522,0,2
237.13307924392583,214.56505,0,2
226.8389761066188,236.5788,0,2
236.6030930212662,246.51627,0,2
250.73474762843617,245.70988,0,2
254.7122210813756,250.20714,0,2
244.36644504342112,243.56828,0,2
245.5838911417115,245.43987,0,2
217.6149100705552,198.0332,0,2
226.45308532676253,207.82118,0,2
165.05619203678296,194.34303,0,2
260.693528434665,243.9425,0,2
250.3282365832948,248.13283,0,2
239.07750730805847,249.5155,0,2
247.9569230084641,246.76833,0,2
236.15742848343223,244.5089,0,2
214.71005068085248,225.45886,0,2
212.64926618190609,226.89433,0,2
217.4440573649766,196.56088,0,2
214.2003165228796,200.81062,0,2
216.19555838058469,232.9165,0,2
222.6015417610548,225.15363,0,2
204.86823994280545,215.69746,0,2
237.22464260550663,222.38158,0,2
224.18413588503657,245.21527,0,2
247.7399208797605,240.7473,0,2
244.53607001907764,249.87015,0,2
249.0180000593876,249.81474,0,2
250.15947072707203,249.74747,0,2
247.38324185353505,247.72058,0,2
257.0327208800838,247.78676,0,2
244.7868252373597,247.5722,0,2
251.29099980531268,248.75882,0,2
244.48660629079023,229.165,0,2
214.42345554324496,216.91301,0,2
215.275017346642,226.2872,0,2
221.87247327046933,216.3216,0,2
209.3991428644269,202.52724,0,2
167.0941470508807,196.778,0,2
165.66976326169717,186.76201,0,2
225.04208005814547,207.6006,0,2
195.55494266051676,202.66103,0,2
200.07406243716324,208.61072,0,2
215.47655442799544,227.64246,0,2
211.0748956926244,211.48082,0,2
239.79872057634145,242.47746,0,2
235.5109632356732,244.26704,0,2
252.6189108490127,250.183,0,2
250.78543860941016,246.76668,0,2
264.34991718475834,248.74437,0,2
248.73901474989248,245.69849,0,2
217.33882213803173,247.46117,0,2
230.55685705694768,247.55016,0,2
222.5708572866134,248.53517,0,2
250.41071702840696,248.56879,0,2
233.72388648002587,247.80971,0,2
225.74905553902488,224.07195,0,2
209.539433255922,201.90929,0,2
204.47167107247816,204.02017,0,2
226.26087653871096,210.17865,0,2
183.4498285778099,205.4265,0,2
208.69253548395187,225.80183,0,2
213.63731349610933,220.798,0,2
220.88749444712207,239.57089,0,2
236.20210538255847,237.89438,0,2
242.72113141787167,251.85114,0,2
240.4964905849372,251.47696,0,2
225.7902957615809,250.52303,0,2
238.9620100423872,248.89046,0,2
262.1848046648769,247.71548,0,2
238.7337160171616,253.95941,0,2
229.7670328415277,253.38042,0,2
209.1044469335127,225.91626,0,2
215.93940258435595,237.32172,0,2
202.26237269337983,217.67737,0,2
201.48801360413904,216.29994,0,2
200.75342170776725,208.61082,0,2
200.75342183044853,208.24118,0,2
214.7516590891227,224.14215,0,2
197.05714298442007,210.03322,0,2
217.8471317201493,225.7609,0,2
208.54672201898396,222.93303,0,2
225.98778248893592,242.3978,0,2
235.92226090409127,250.3956,0,2
241.26471277439245,247.54726,0,2
240.51036023591456,247.4674,0,2
239.89151095346944,246.36241,0,2
237.74996459670032,247.75157,0,2
261.77240223188767,249.2041,0,2
243.6978866366225,239.72786,0,2
216.27681136712584,219.61588,0,2
214.65935949401424,230.43211,0,2
207.2282617514213,213.87617,0,2
241.88626206282964,228.69543,0,2
211.0917109504857,214.14299,0,2
229.53161987418687,245.84041,0,2
202.52417447504484,236.235,0,2
230.86112656083435,228.68893,0,2
253.9698970228937,242.8628,0,2
233.62164489809143,250.01408,0,2
230.84222483002983,242.9025,0,2
233.35714277019,248.11838,0,2
243.13009697169127,254.93439,0,2
262.7894160126516,248.27805,0,2
248.97467316065632,244.65831,0,2
264.3592451897809,248.08476,0,2
264.67885704423327,246.54817,0,2
249.25635877295616,253.71019,0,2
226.5982853267085,235.7553,0,2
214.7600053763276,227.88647,0,2
221.2715441811256,209.59189,0,2
213.62442595897127,214.77916,0,2
200.03527715027727,229.01935,0,2
197.61805909550696,208.7978,0,2
209.45253416738296,214.57002,0,2
180.2750667005407,217.57434,0,2
225.3772797548777,225.16844,0,2
229.26319008628687,246.61838,0,2
255.99385958032656,247.0561,0,2
259.7101450958912,249.3216,0,2
215.56934509435573,249.43983,0,2
240.34110340188968,249.31367,0,2
225.63785436066888,249.87314,0,2
207.73971429294056,221.62675,0,2
186.03618047753687,215.16936,0,2
203.2002196805698,213.56508,0,2
199.68522596416528,210.28061,0,2
230.96889129460567,214.66766,0,2
224.6801234118156,227.48424,0,2
227.14925993331505,236.57356,0,2
225.83448191900152,213.24547,0,2
199.91388837608008,204.4861,0,2
216.197644904584,236.41171,0,2
220.59991753624507,226.97,0,2
223.976830098934,237.71683,0,2
228.54529103793368,240.71222,0,2
227.67188157687983,248.50902,0,2
233.4570521935813,249.60681,0,2
235.2523525977695,247.79782,0,2
252.7517144489641,247.82173,0,2
245.9313645480761,247.02034,0,2
246.79630487203943,248.18964,0,2
221.3310724609568,249.9541,0,2
215.07004380776868,244.18843,0,2
247.5281963617668,249.75822,0,2
241.9770889100048,253.29982,0,2
239.696110853828,250.109,0,2
204.69677396854897,201.06915,0,2
203.0649616073494,210.64514,0,2
219.03315687947128,217.68619,0,2
235.57257812965017,218.2872,0,2
210.93570985140173,214.22879,0,2
226.6463989024048,216.43834,0,2
219.84114611779768,222.67172,0,2
232.97738897204573,222.43163,0,2
225.5091012342572,216.92593,0,2
236.68888754537616,248.96126,0,2
249.76056961236355,248.09749,0,2
245.03181201272267,245.38293,0,2
224.9411887716116,245.09192,0,2
241.57548744583184,249.93935,0,2
235.5984762415992,247.11118,0,2
266.23813080365227,242.96217,0,2
255.6978136863231,243.6847,0,2
230.68671480031017,250.14969,0,2
246.63134413253272,251.03488,0,2
233.7726136855604,250.32523,0,2
225.37789357003544,233.68448,0,2
223.52392396387904,217.1723,0,2
205.724097717634,214.87675,0,2
197.59719354437183,207.24406,0,2
234.4922313158712,222.83617,0,2
229.19261554860452,210.63033,0,2
177.04347683317343,200.70409,0,2
194.0269673827493,216.87074,0,2
214.3948573661128,223.76746,0,2
233.1418588788416,247.0225,0,2
258.0761234129772,245.10324,0,2
268.43589169311906,249.79457,0,2
298.71515496556174,246.24438,0,2
247.02828126652443,245.60031,0,2
234.81896206314417,247.2483,0,2
242.01231480070416,245.01831,0,2
237.82544889100404,250.09665,0,2
214.96718860355264,247.8617,0,2
255.26479108974107,246.22266,0,2
196.3311429839512,198.81485,0,2
221.69695675510616,203.40857,0,2
172.7339949402943,204.63596,0,2
199.9611427826339,210.87222,0,2
211.13381034220149,207.3036,0,2
158.14391098393,199.88797,0,2
199.5306978789407,225.96385,0,2
200.1887006560281,220.91415,0,2
206.67655089234736,243.39139,0,2
223.73343892263307,251.79771,0,2
225.90849322867976,247.99873,0,2
235.1724498037999,244.12265,0,2
242.5532246319062,247.9269,0,2
237.35744570641367,243.28596,0,2
230.50199296297177,240.67026,0,2
228.2267837976532,236.96455,0,2
242.0740522900848,244.06422,0,2
251.09928202732527,245.46239,0,2
237.82655340652465,225.89796,0,2
215.68128288578825,224.50388,0,2
170.47191878133637,190.08617,0,2
224.64514291071785,202.75241,0,2
227.34171420100287,208.8583,0,2
217.6455048883589,194.06302,0,2
202.85679658184063,207.82965,0,2
200.83136112371488,212.4103,0,2
184.6794257663281,196.44806,0,2
232.3776873840904,222.21402,0,2
186.5103206124804,198.34685,0,2
220.75677771853623,227.78308,0,2
219.29495847914407,242.4482,0,2
240.65445557515056,249.0741,0,2
234.9466104866068,243.94424,0,2
239.91802260660245,246.49908,0,2
247.98760770959555,246.59416,0,2
245.4083745799852,241.25739,0,2
238.9620100423872,246.99648,0,2
221.74617523088364,229.01447,0,2
220.54321207553608,248.18309,0,2
213.6877592782904,214.60085,0,2
211.43746597892908,204.85791,0,2
172.5903905142613,195.7572,0,2
222.8003786409808,213.3263,0,2
209.35851623398943,209.7202,0,2
197.0406958525684,204.37657,0,2
220.63698451721544,207.04147,0,2
219.0273880979496,210.06642,0,2
222.3123691160197,229.91603,0,2
184.68138959632736,200.766,0,2
182.92045613607723,207.63414,0,2
192.4295218125832,196.56187,0,2
233.97758754728176,243.94958,0,2
223.90870994628204,219.08128,0,2
232.38063284055383,224.05637,0,2
236.3610521924992,247.09944,0,2
234.393794643518,242.59225,0,2
222.68659980431764,241.14468,0,2
219.09366697876408,234.21652,0,2
201.5609203715828,229.86482,0,2
219.4528006282281,222.51172,0,2
216.20144976686825,206.30312,0,2
221.2692120752656,244.68097,0,2
212.1810176509377,244.81319,0,2
213.68149951552144,197.81253,0,2
185.7872663054508,202.93509,0,2
206.1874365997424,202.1346,0,2
181.9067563374705,203.16196,0,2
171.8616902794068,192.93262,0,2
194.6778512742005,205.44475,0,2
188.3277139891224,197.72534,0,2
222.42725270426268,231.42,0,2
207.62213050322217,200.79314,0,2
218.21485706154647,218.34628,0,2
249.06942746547807,246.16383,0,2
233.32216222334588,238.3914,0,2
224.88239701420304,241.34409,0,2
155.5007309446292,236.88187,0,2
238.49621632484647,237.91331,0,2
226.3204046782405,230.74823,0,2
229.42827377422532,240.66473,0,2
176.30544864501675,192.96992,0,2
179.7188146337178,201.63551,0,2
203.78273801863847,243.55318,0,2
252.07137331452452,234.87926,0,2
183.95723073259725,196.09436,0,2
193.7013413441665,201.53885,0,2
204.9352554685888,202.47635,0,2
204.5401594029676,188.26117,0,2
221.32898616238268,224.60353,0,2
192.88746031384116,208.28572,0,2
179.63805231334948,194.49847,0,2
227.03854935797293,213.55281,0,2
225.5718209151231,237.26028,0,2
241.05507493034568,205.45337,0,2
181.71479284029,198.24709,0,2
235.21565380846772,226.26253,0,2
209.2323407528936,210.64609,0,2
217.21674510563275,211.99155,0,2
226.39355695678472,205.96172,0,2
219.50115969563865,222.57536,0,2
198.951370725492,194.17278,0,2
187.76483377060703,194.56824,0,2
235.17244966008496,225.9333,0,2
229.50044442337483,227.61497,0,2
231.18515704918468,224.8367,0,2
230.52850451240667,226.61101,0,2
198.4054285783301,196.67589,0,2
223.42143689646363,210.40707,0,2
189.6535385080257,195.45528,0,2
198.1667016686888,197.531,0,2
236.37725371220748,235.62692,0,2
224.8877976123956,228.54704,0,2
234.8052151096504,221.04222,0,2
214.18534240165187,218.82687,0,2
162.7447750796866,197.90729,0,2
194.66680476934297,198.54002,0,2
211.98439009272528,214.90764,0,2
224.8810468158225,234.7363,0,2
225.70302848732777,221.7909,0,2
203.86816426060665,250.80423,0,2
244.91398268531228,258.1544,0,2
250.6898251354458,245.82779,0,2
199.23514278290443,207.29927,0,2
191.84184853781608,198.19171,0,2
207.50368745982345,220.63719,0,2
210.60136940961155,215.13235,0,2
173.39310233746008,193.69473,0,2
176.6937940587323,202.24496,0,2
206.3465062297824,222.27736,0,2
228.22678991763607,235.22658,0,2
230.8112945431386,209.37648,0,2
170.8547412443533,197.74817,0,2
178.89486900365145,202.34488,0,2
191.36942677697817,189.63632,0,2
188.84689901820383,191.12291,0,2
239.91802260660245,208.16478,0,2
225.6044693543752,239.20781,0,2
208.6731428644016,226.35315,0,2
253.4536573515588,260.29254,0,2
250.41979985629337,256.69144,0,2
258.37106464515506,246.29558,0,2
282.9370971072768,248.001,0,2
210.03848918202172,248.1121,0,2
245.56830340313635,229.17325,0,2
238.95550487496104,231.73766,0,2
217.69628572185832,210.01517,0,2
211.11981827321725,223.77917,0,2
230.73912422174052,244.42049,0,2
195.231280491703,200.29364,0,2
